customerID,churn_probability,actual_churn,predicted_churn,risk_tier
4376-KFVRS,0.0337329,0,0,Low
2754-SDJRD,0.7847419,0,1,High
9917-KWRBE,0.07610471,0,0,Low
0365-GXEZS,0.35586718,0,1,Low
9385-NXKDA,0.031654675,0,0,Low
4686-UXDML,0.6878009,0,1,Medium
2227-JRSJX,0.48237702,0,1,Medium
4830-FAXFM,0.1220124,0,0,Low
1830-IPXVJ,0.022380587,0,0,Low
4690-LLKUA,0.568395,1,1,Medium
5804-HYIEZ,0.32852554,0,1,Low
2388-LAESQ,0.036072034,0,0,Low
5533-RJFTJ,0.25886273,0,1,Low
4706-AXVKM,0.749936,1,1,High
0997-YTLNY,0.15297826,0,0,Low
7971-HLVXI,0.09405297,0,0,Low
7337-CINUD,0.038913596,0,0,Low
1379-FRVEB,0.7041827,0,1,High
4753-PADAS,0.3071529,0,1,Low
5701-GUXDC,0.06310404,0,0,Low
7235-NXZCP,0.82745427,1,1,High
0668-OGMHD,0.39804873,0,1,Low
2812-REYAT,0.048281558,0,0,Low
8779-YIQQA,0.03803126,0,0,Low
9701-CDXHR,0.25422055,0,1,Low
7130-CTCUS,0.21482652,0,1,Low
1894-IGFSG,0.5734434,1,1,Medium
0871-URUWO,0.6726339,1,1,Medium
0057-QBUQH,0.033787254,0,0,Low
9611-CTWIH,0.87285227,1,1,High
8058-DMYRU,0.6474628,0,1,Medium
5351-QESIO,0.5907641,0,1,Medium
4302-ZYFEL,0.03387525,0,0,Low
6134-KWTBV,0.029324654,0,0,Low
2034-GDRCN,0.8785201,1,1,High
9544-PYPSJ,0.3985406,0,1,Low
4208-UFFGW,0.6224154,1,1,Medium
9537-JALFH,0.020737337,0,0,Low
4415-IJZTP,0.92465776,1,1,High
4701-MLJPN,0.21908343,1,1,Low
7515-LODFU,0.026858293,0,0,Low
4927-WWOOZ,0.8993784,0,1,High
4067-HLYQI,0.50503266,0,1,Medium
6184-DYUOB,0.37926716,0,1,Low
9209-NWPGU,0.08364489,0,0,Low
9851-KIELU,0.5544981,1,1,Medium
3199-XGZCY,0.85873723,0,1,High
4226-KKDON,0.28979254,0,1,Low
1085-LDWAM,0.036918983,0,0,Low
6825-UYPFK,0.35240775,1,1,Low
1767-CJKBA,0.025109658,0,0,Low
7181-BQYBV,0.8359758,1,1,High
0178-CIIKR,0.35359004,0,1,Low
4256-ZWTZI,0.43350607,0,1,Medium
9537-VHDTA,0.4861515,0,1,Medium
2754-XBHTB,0.6865143,1,1,Medium
5975-BAICR,0.08659553,0,0,Low
3301-VKTGC,0.0627976,0,0,Low
2877-VDUER,0.08699703,0,0,Low
7717-BICXI,0.019696573,0,0,Low
0562-FGDCR,0.015715668,0,0,Low
3705-PSNGL,0.053092666,1,0,Low
0048-LUMLS,0.19115825,0,1,Low
6497-TILVL,0.22960918,0,1,Low
2108-YKQTY,0.43297616,1,1,Medium
3658-KIBGF,0.58173466,1,1,Medium
5482-NUPNA,0.29662773,1,1,Low
7410-KTVFV,0.24972886,1,1,Low
9033-EOXWV,0.2080408,1,1,Low
8821-XNHVZ,0.84695846,1,1,High
8224-KDLKN,0.016049556,0,0,Low
4825-FUREZ,0.02989107,0,0,Low
7534-BFESC,0.7761732,1,1,High
9138-EFSMO,0.18780267,0,1,Low
4227-OJHAL,0.05920827,0,0,Low
7279-NMVJC,0.06999796,0,0,Low
8591-TKMZH,0.12954397,0,0,Low
9283-LZQOH,0.48367602,1,1,Medium
3594-IVHJZ,0.37284604,0,1,Low
1945-XISKS,0.024648825,0,0,Low
4359-INNWN,0.057190493,0,0,Low
7649-SIJJF,0.019949907,0,0,Low
9254-RBFON,0.19376044,1,1,Low
0970-ETWGE,0.9121186,1,1,High
7762-ONLJY,0.060284905,0,0,Low
6710-HSJRD,0.5778012,0,1,Medium
8873-GLDMH,0.8086613,0,1,High
9907-SWKKF,0.67778325,1,1,Medium
4658-HCOHW,0.5148272,1,1,Medium
9330-VOFSZ,0.124499395,0,0,Low
2860-RANUS,0.6384585,1,1,Medium
6234-PFPXL,0.35712555,0,1,Low
7205-BAIAD,0.029713625,0,0,Low
3858-VOBET,0.7816491,1,1,High
5103-MHMHY,0.63665843,1,1,Medium
6119-SPUDB,0.025616312,0,0,Low
9389-ACWBI,0.5944256,0,1,Medium
3454-JFUBC,0.026530495,0,0,Low
1768-ZAIFU,0.8486634,1,1,High
7017-VFULY,0.3550736,0,1,Low
9221-OTIVJ,0.8101917,1,1,High
2482-CZGBB,0.7728469,1,1,High
7018-WBJNK,0.44108814,0,1,Medium
3331-HQDTW,0.37603858,1,1,Low
4695-VADHF,0.34822258,1,1,Low
4086-WITJG,0.016817281,0,0,Low
6297-NOOPG,0.18443872,0,1,Low
8777-PVYGU,0.049895566,0,0,Low
4378-MYPGO,0.09115583,0,0,Low
9313-CDOGY,0.095122166,0,0,Low
4121-AGSIN,0.04849014,0,0,Low
0432-CAJZV,0.72740936,0,1,High
9097-ZUBYC,0.20549387,0,1,Low
9638-JIQYA,0.672745,0,1,Medium
1024-GUALD,0.82241505,1,1,High
8024-XNAFQ,0.054063268,0,0,Low
7587-RZNME,0.7899642,1,1,High
1346-UFHAX,0.4786491,0,1,Medium
6374-NTQLP,0.06773646,0,0,Low
6625-FLENO,0.02703366,0,0,Low
7375-WMVMT,0.044074267,0,0,Low
6910-HADCM,0.8496842,1,1,High
7401-JIXNM,0.031167999,0,0,Low
7338-ERIVA,0.047972724,0,0,Low
5376-DEQCP,0.90718526,1,1,High
0909-SELIE,0.029442506,0,0,Low
5419-KLXBN,0.42532295,1,1,Medium
0365-TRTPY,0.19952825,0,1,Low
6712-OAWRH,0.73807275,1,1,High
2428-ZMCTB,0.19534035,0,1,Low
1963-VAUKV,0.61336744,1,1,Medium
9381-NDKME,0.37310356,1,1,Low
3729-OWRVL,0.45433366,0,1,Medium
0895-LMRSF,0.29050136,0,1,Low
2676-SSLTO,0.06344947,0,0,Low
8495-PRWFH,0.3054863,0,1,Low
9030-QGZNL,0.03381612,0,0,Low
9972-NKTFD,0.13834858,0,0,Low
7998-WNZEM,0.01954135,0,0,Low
0979-PHULV,0.47673705,1,1,Medium
6445-TNRXS,0.09934957,0,0,Low
9586-JGQKH,0.11523342,0,0,Low
3966-HRMZA,0.6436314,0,1,Medium
5498-IBWPI,0.060819063,0,0,Low
6823-SIDFQ,0.041614383,0,0,Low
2323-ARSVR,0.11984877,0,0,Low
5468-BPMMO,0.11739902,0,0,Low
0486-HECZI,0.42962313,1,1,Medium
2178-PMGCJ,0.4916891,0,1,Medium
4660-IRIBM,0.34853154,0,1,Low
9674-EHPPG,0.029155068,0,0,Low
5606-AMZBO,0.5681899,0,1,Medium
0665-XHDJU,0.18018608,0,1,Low
5402-HTOTQ,0.3431971,0,1,Low
8258-GSTJK,0.8977323,1,1,High
3787-TRIAL,0.519628,0,1,Medium
6175-IRFIT,0.67908674,0,1,Medium
6317-YPKDH,0.54131144,1,1,Medium
5692-FPTAH,0.73687464,1,1,High
5373-SFODM,0.54414123,1,1,Medium
0868-VJRDR,0.15304287,0,0,Low
4079-VTGLK,0.13454556,0,0,Low
1166-PQLGG,0.01808167,0,0,Low
5296-BFCYD,0.021710819,0,0,Low
6568-POCUI,0.0638638,0,0,Low
2839-RFSQE,0.34988457,1,1,Low
2188-SXWVT,0.046814,0,0,Low
8849-GYOKR,0.2692757,1,1,Low
3623-FQBOX,0.12792194,0,0,Low
2649-HWLYB,0.03693301,0,0,Low
0599-XNYDO,0.49896568,0,1,Medium
2514-GINMM,0.91324425,1,1,High
8401-EMUWF,0.13027819,0,0,Low
5766-ZJYBB,0.5400041,1,1,Medium
2604-IJPDU,0.5476245,0,1,Medium
2501-XWWTZ,0.57993364,0,1,Medium
6370-ZVHDV,0.025688311,0,0,Low
3027-YNWZU,0.028381953,0,0,Low
4526-ZJJTM,0.36366886,0,1,Low
0440-QEXBZ,0.26674706,0,1,Low
0330-IVZHA,0.70904666,1,1,High
9758-MFWGD,0.099198,0,0,Low
4229-CZMLL,0.885748,1,1,High
0742-MOABM,0.39627728,1,1,Low
4277-BWBML,0.015683137,0,0,Low
5136-GFPMB,0.31873795,0,1,Low
7520-HQWJU,0.13653204,0,0,Low
6304-IJFSQ,0.6205152,1,1,Medium
0297-RBCSG,0.23167953,0,1,Low
6013-BHCAW,0.075138,0,0,Low
4402-FTBXC,0.16253977,0,1,Low
1471-GIQKQ,0.5941294,0,1,Medium
4283-FUTGF,0.77168715,1,1,High
9548-LERKT,0.024817841,0,0,Low
8059-UDZFY,0.55058354,0,1,Medium
0410-IPFTY,0.51133865,0,1,Medium
2478-EEWWM,0.5828691,0,1,Medium
4619-EVPHY,0.3237647,0,1,Low
2277-DJJDL,0.6502435,0,1,Medium
2911-WDXMV,0.45243236,0,1,Medium
3639-XJHKQ,0.26430634,0,1,Low
8173-RXAYP,0.023406915,0,0,Low
4537-CIBHB,0.053753436,0,0,Low
5442-BXVND,0.1386591,0,0,Low
2308-STERM,0.30167386,0,1,Low
7159-NOKYQ,0.2002811,0,1,Low
6075-QMNRR,0.15257186,0,0,Low
3694-GLTJM,0.30940536,0,1,Low
9629-NHXFW,0.6017268,0,1,Medium
7167-PCEYD,0.02607608,0,0,Low
2748-MYRVK,0.19338839,1,1,Low
4223-WOZCM,0.60620016,0,1,Medium
6946-LMSQS,0.2629942,1,1,Low
5469-NUJUR,0.029955635,0,0,Low
6388-TABGU,0.042223074,0,0,Low
1261-FWTTE,0.41875446,0,1,Medium
8590-YFFQO,0.029938186,0,0,Low
0082-OQIQY,0.56342065,0,1,Medium
9465-RWMXL,0.7320828,1,1,High
2930-UOTMB,0.13818318,1,0,Low
9128-CPXKI,0.15561675,0,0,Low
0484-FFVBJ,0.2669122,0,1,Low
1100-DDVRV,0.42233062,0,1,Medium
9313-QOLTZ,0.09652469,0,0,Low
3338-CVVEH,0.7182545,0,1,High
1131-SUEKT,0.18753508,0,1,Low
7602-DBTOU,0.019132772,0,0,Low
1385-TQOZW,0.24751316,0,1,Low
6892-XPFPU,0.7921157,1,1,High
4115-NZRKS,0.85825664,0,1,High
5514-YQENT,0.10752613,0,0,Low
6319-IEJWJ,0.6918802,1,1,Medium
8849-AYPTR,0.54724467,0,1,Medium
5893-PYOLZ,0.044135783,0,0,Low
7180-PISOG,0.8969842,1,1,High
8443-ZRDBZ,0.891741,1,1,High
9079-YEXQJ,0.414694,1,1,Medium
3780-YVMFA,0.3907109,0,1,Low
6968-MHOMU,0.22347395,0,1,Low
0899-LIIBW,0.62892985,0,1,Medium
3677-IYRBF,0.81847304,1,1,High
8393-DLHGA,0.6343235,1,1,Medium
7691-XVTZH,0.0984874,0,0,Low
5360-LJCNJ,0.12767732,0,0,Low
3891-PUQOD,0.7369555,1,1,High
0952-KMEEH,0.4913812,1,1,Medium
4919-IKATY,0.6660816,1,1,Medium
9746-UGFAC,0.05829271,0,0,Low
9108-EQPNQ,0.04244352,0,0,Low
0531-ZZJWQ,0.7155354,0,1,High
8763-KIAFH,0.039724268,0,0,Low
5863-OOKCL,0.19189337,0,1,Low
2958-NHPPS,0.12691899,0,0,Low
9530-GRMJG,0.06527539,0,0,Low
1809-DMJHQ,0.45264035,1,1,Medium
0164-XAIRP,0.037255604,0,0,Low
2926-JEJJC,0.070966735,0,0,Low
1169-WCVAK,0.2821817,0,1,Low
1217-VASWC,0.33609945,0,1,Low
2452-KDRRH,0.5671017,0,1,Medium
6402-EJMWF,0.62589425,0,1,Medium
7663-CUXZB,0.15275411,0,0,Low
4312-KFRXN,0.016799597,0,0,Low
3011-WQKSZ,0.13106121,0,0,Low
9747-DDZOS,0.80115616,1,1,High
2091-MJTFX,0.16586101,1,1,Low
0388-EOPEX,0.65727997,1,1,Medium
3161-ONRWK,0.042303093,0,0,Low
2587-EKXTS,0.42099768,0,1,Medium
9752-ZNQUT,0.7225743,0,1,High
9572-WUKSB,0.5785859,0,1,Medium
3836-FZSDJ,0.019767763,0,0,Low
8805-JNRAZ,0.48775378,0,1,Medium
3069-SSVSN,0.21348101,0,1,Low
8015-IHCGW,0.036782682,0,0,Low
8132-YPVBX,0.7881196,0,1,High
0235-KGSLC,0.8105404,1,1,High
1302-UHBDD,0.5981492,0,1,Medium
3722-WPXTK,0.9121186,1,1,High
7531-GQHME,0.19389503,0,1,Low
1335-NTIUC,0.7265094,0,1,High
9367-TCUYN,0.23506264,0,1,Low
1536-HBSWP,0.63884974,0,1,Medium
8573-JGCZW,0.07235408,0,0,Low
2694-CIUMO,0.6449057,0,1,Medium
2027-FECZV,0.8288481,1,1,High
9103-TCIHJ,0.27288207,1,1,Low
1545-JFUML,0.07617686,0,0,Low
0524-IAVZO,0.76700443,1,1,High
5519-TEEUH,0.033427674,0,0,Low
6654-QGBZZ,0.6274846,0,1,Medium
2294-DMMUS,0.25818983,0,1,Low
0017-IUDMW,0.032118425,0,0,Low
5018-LXQQG,0.13936315,0,0,Low
5808-TOTXO,0.07188923,0,0,Low
1174-FGIFN,0.29566061,0,1,Low
0730-KOAVE,0.3918192,0,1,Low
1218-VKFPE,0.16843836,1,1,Low
5313-FPXWG,0.055882733,0,0,Low
2834-JKOOW,0.058596667,0,0,Low
9430-NKQLY,0.017366344,0,0,Low
0363-QJVFX,0.329884,1,1,Low
1658-TJVOA,0.66165245,0,1,Medium
6685-GBWJZ,0.07323775,0,0,Low
6328-ZPBGN,0.81299764,1,1,High
4003-FUSHP,0.22345552,0,1,Low
7690-KPNCU,0.091488026,0,0,Low
2969-WGHQO,0.0957155,0,0,Low
1855-CFULU,0.3528325,0,1,Low
9788-YTFGE,0.20490102,0,1,Low
8266-VBFQL,0.70541364,0,1,High
2325-NBPZG,0.66785496,0,1,Medium
9906-NHHVC,0.10321404,0,0,Low
2541-YGPKE,0.08624662,0,0,Low
5049-MUBWG,0.09612908,0,0,Low
2332-TODQS,0.056544255,0,0,Low
4419-UJMUS,0.1786808,0,1,Low
2233-TXSIU,0.069795854,0,0,Low
6770-XUAGN,0.4227108,1,1,Medium
2919-HBCJO,0.76829517,1,1,High
9508-ILZDG,0.5587118,0,1,Medium
5442-BHQNG,0.73759985,0,1,High
7250-EQKIY,0.6647218,1,1,Medium
6838-HVLXG,0.23363383,0,1,Low
9767-FFLEM,0.44358844,0,1,Medium
2245-ADZFJ,0.038782742,0,0,Low
1150-WFARN,0.15658191,1,1,Low
9054-FOWNV,0.7390975,0,1,High
7997-EASSD,0.100707114,0,0,Low
7560-QJAVJ,0.030682169,0,0,Low
2668-TZSPS,0.60001147,0,1,Medium
9139-WQQDY,0.18225339,1,1,Low
6726-NNFWD,0.04404368,0,0,Low
9330-DHBFL,0.054662507,0,0,Low
5727-MYATE,0.019938812,0,0,Low
2824-DXNKN,0.028786974,0,0,Low
6166-ILMNY,0.65714014,1,1,Medium
5236-XMZJY,0.15043426,0,0,Low
1709-EJDOX,0.024760243,0,0,Low
4962-CHQPW,0.03201712,0,0,Low
0301-FIDRB,0.02085532,0,0,Low
1820-TQVEV,0.91554743,1,1,High
9115-YQHGA,0.26953548,0,1,Low
1541-ETJZO,0.48584074,1,1,Medium
6230-BSUXY,0.90403336,1,1,High
6797-LNAQX,0.087891325,1,0,Low
9588-YRFHY,0.02836577,0,0,Low
1092-GANHU,0.6894511,1,1,Medium
5951-AOFIH,0.2282585,0,1,Low
7029-RPUAV,0.65718853,1,1,Medium
4700-UBQMV,0.15306567,0,0,Low
3594-UVONA,0.101454824,1,0,Low
7750-EYXWZ,0.19478121,0,1,Low
7054-ENNGU,0.26913416,0,1,Low
0402-OAMEN,0.014931009,0,0,Low
2195-VVRJF,0.25629416,0,1,Low
8819-ZBYNA,0.20704627,0,1,Low
7748-UMTRK,0.6618957,0,1,Medium
1741-WTPON,0.117919125,0,0,Low
7209-JCUDS,0.813772,1,1,High
2485-ITVKB,0.8038038,1,1,High
9648-BCHKM,0.046882614,0,0,Low
0743-HRVFF,0.20229502,0,1,Low
2522-AHJXR,0.34099367,0,1,Low
9143-CANJF,0.21497427,0,1,Low
1444-VVSGW,0.27446562,1,1,Low
6898-MDLZW,0.28756917,0,1,Low
0074-HDKDG,0.06850496,0,0,Low
3982-JGSFD,0.046542726,0,0,Low
7928-VJYAB,0.5837462,0,1,Medium
1522-VVDMG,0.5762628,1,1,Medium
2665-NPTGL,0.67027056,0,1,Medium
8728-SKJLR,0.5070305,0,1,Medium
7733-UDMTP,0.45249766,0,1,Medium
0431-APWVY,0.2909578,1,1,Low
5081-NWSUP,0.1652262,0,1,Low
2746-DIJLO,0.14426935,0,0,Low
7277-OZCGZ,0.46834058,0,1,Medium
5236-PERKL,0.21666853,1,1,Low
2788-CJQAQ,0.05156298,0,0,Low
3096-WPXBT,0.15394063,0,0,Low
9962-BFPDU,0.6112771,0,1,Medium
2892-GESUL,0.027762435,0,0,Low
9741-YLNTD,0.7833431,0,1,High
1205-WNWPJ,0.41082454,1,1,Medium
3173-NVMPX,0.37192515,0,1,Low
9661-MHUMO,0.40200147,1,1,Medium
6000-APYLU,0.7728665,1,1,High
0048-PIHNL,0.0476342,0,0,Low
9420-LOJKX,0.654946,1,1,Medium
7061-OVMIM,0.04878291,0,0,Low
5671-RQRLP,0.09156963,0,0,Low
5129-JLPIS,0.5446162,0,1,Medium
5170-PTRKA,0.04364078,0,0,Low
4819-HJPIW,0.26650372,0,1,Low
8780-RSYYU,0.13234591,0,0,Low
2335-GSODA,0.027714398,0,0,Low
5696-CEIQJ,0.076366656,0,0,Low
6169-PPETC,0.0248737,0,0,Low
4237-RLAQD,0.7460004,1,1,High
7359-WWYJV,0.040011287,0,0,Low
8620-RJPZN,0.38360366,0,1,Low
7426-WEIJX,0.34587696,0,1,Low
7629-WIXZF,0.18448603,0,1,Low
2616-FLVQC,0.03297668,0,0,Low
9163-GHAYE,0.26167634,0,1,Low
4464-JCOLN,0.05627562,1,0,Low
2971-SGAFL,0.49462825,0,1,Medium
4735-ASGMA,0.7996705,1,1,High
5245-VDBUR,0.042246576,0,0,Low
1493-AMTIE,0.45638603,1,1,Medium
1112-CUNAO,0.5346317,1,1,Medium
7571-YXDAD,0.6729537,1,1,Medium
8714-EUHJO,0.6098146,1,1,Medium
9040-KZVWO,0.10492473,0,0,Low
6713-OKOMC,0.28463578,0,1,Low
8749-CLJXC,0.6233276,0,1,Medium
4713-LZDRV,0.85742664,1,1,High
6598-RFFVI,0.06699696,1,0,Low
7470-MCQTK,0.4427502,1,1,Medium
5524-KHNJP,0.09481233,0,0,Low
1707-HABPF,0.13248408,0,0,Low
4581-LNWUM,0.48295486,0,1,Medium
9710-ZUSHQ,0.4209508,1,1,Medium
1697-LYYYX,0.041153226,0,0,Low
4013-GUXND,0.5866725,0,1,Medium
5022-JNQEQ,0.5963384,0,1,Medium
4983-CCWMC,0.7474587,0,1,High
6345-FZOQH,0.02098837,0,0,Low
0962-CQPWQ,0.020589016,0,0,Low
5495-GPSRW,0.03366967,0,0,Low
2252-JHJGE,0.47282118,0,1,Medium
7356-AYNJP,0.09308391,0,0,Low
2019-HDCZY,0.24367833,0,1,Low
8582-KRHPJ,0.14271808,0,0,Low
2867-UIMSS,0.869394,1,1,High
3487-EARAT,0.08761293,0,0,Low
9926-PJHDQ,0.07185911,0,0,Low
0289-IVARM,0.1506514,0,0,Low
4672-FOTSD,0.2227906,0,1,Low
6198-PNNSZ,0.29736108,0,1,Low
7603-USHJS,0.5781562,1,1,Medium
6784-XYJAE,0.1068448,0,0,Low
3858-XHYJO,0.33806175,0,1,Low
1087-UDSIH,0.37733692,1,1,Low
7251-LJBQN,0.3526818,0,1,Low
3200-MNQTF,0.033929568,0,0,Low
9359-UGBTK,0.06744504,0,0,Low
8160-HOWOX,0.6853718,0,1,Medium
0258-NOKBL,0.6270608,0,1,Medium
2800-QQUSO,0.7306432,0,1,High
2129-ALKBS,0.1339684,0,0,Low
9972-VAFJJ,0.20531276,0,1,Low
4693-VWVBO,0.30200192,0,1,Low
6969-MVBAI,0.85671633,0,1,High
4821-WQOYN,0.015269616,0,0,Low
6769-DYBQN,0.35612056,1,1,Low
4018-PPNDW,0.022040905,0,0,Low
6288-CHQJB,0.025805473,0,0,Low
4905-JEFDW,0.3620841,1,1,Low
0559-CKHUS,0.026929792,0,0,Low
2659-VXMWZ,0.16940397,1,1,Low
6559-RAKOZ,0.36595482,0,1,Low
8809-XKHMD,0.036635086,0,0,Low
6365-HITVU,0.017027885,0,0,Low
0134-XWXCE,0.11945836,0,0,Low
9720-JJJOR,0.05814614,0,0,Low
2782-LFZVW,0.4533187,0,1,Medium
6112-KTHFQ,0.17718928,0,1,Low
9220-ZNKJI,0.04236691,0,0,Low
9820-RMCQV,0.2675205,1,1,Low
9013-AQORL,0.20494772,0,1,Low
2040-OBMLJ,0.09851412,0,0,Low
5574-NXZIU,0.18504284,0,1,Low
5446-DKWYW,0.18048178,0,1,Low
0480-KYJVA,0.016096462,0,0,Low
1074-AMIOH,0.26247504,0,1,Low
0015-UOCOJ,0.5186014,0,1,Medium
0256-LTHVJ,0.6447528,1,1,Medium
4547-LYTDD,0.58175105,1,1,Medium
1077-HUUJM,0.7873285,0,1,High
2041-JIJCI,0.634767,0,1,Medium
1555-HAPSU,0.016795991,0,0,Low
4323-SADQS,0.2887818,1,1,Low
3292-PBZEJ,0.7285969,0,1,High
6203-HBZPA,0.036087334,0,0,Low
9755-JHNMN,0.027425203,0,0,Low
7369-TRPFD,0.04170967,0,0,Low
9878-TNQGW,0.85699666,1,1,High
2279-AXJJK,0.28943118,0,1,Low
5016-IBERQ,0.5095968,0,1,Medium
1016-DJTSV,0.7837121,0,1,High
8433-WPJTV,0.23433772,0,1,Low
8903-XEBGX,0.74649,0,1,High
2632-TACXW,0.025555909,0,0,Low
7952-OBOYL,0.7222598,0,1,High
1470-PSXNM,0.3057023,0,1,Low
6227-HWPWX,0.33717337,1,1,Low
5924-SNGKP,0.041087378,0,0,Low
8818-DOPVL,0.71870804,0,1,High
4521-WFJAI,0.03375354,0,0,Low
4724-WXVWF,0.3547993,0,1,Low
3717-OEAUQ,0.68032837,0,1,Medium
8165-ZJRNM,0.014931009,0,0,Low
7838-LAZFO,0.105212875,0,0,Low
0513-RBGPE,0.034483876,0,0,Low
7251-XFOIL,0.29651147,0,1,Low
2525-GVKQU,0.028192539,0,0,Low
7579-OOPEC,0.4756756,1,1,Medium
3795-GWTRD,0.026315145,0,0,Low
4750-ZRXIU,0.8994589,1,1,High
5445-PZWGX,0.20817363,1,1,Low
0516-UXRMT,0.116455,0,0,Low
0727-BNRLG,0.07115259,0,0,Low
3932-CMDTD,0.5100806,1,1,Medium
1264-FUHCX,0.19216646,0,1,Low
6194-HBGQN,0.07192342,0,0,Low
4524-QCSSM,0.2351583,0,1,Low
4570-QHXHL,0.6308369,0,1,Medium
2972-YDYUW,0.19603062,0,1,Low
2061-VVFST,0.16292211,0,1,Low
6874-SGLHU,0.32065114,0,1,Low
9844-FELAJ,0.25002518,0,1,Low
1902-XBTFB,0.61682194,1,1,Medium
9039-RBEEE,0.1323269,1,0,Low
9369-XFEHK,0.50180674,1,1,Medium
3680-CTHUH,0.34496805,0,1,Low
3679-XASPY,0.39228982,0,1,Low
9089-UOWJG,0.2999717,0,1,Low
1574-DYCWE,0.021353686,0,0,Low
9779-DPNEJ,0.65521747,0,1,Medium
2967-MXRAV,0.06641705,0,0,Low
0327-WFZSY,0.3429603,0,1,Low
1731-TVIUK,0.7641522,1,1,High
7666-WKRON,0.10442043,1,0,Low
3865-ZYKAD,0.21167395,0,1,Low
1465-LNTLJ,0.22396672,0,1,Low
2696-RZVZW,0.028477032,0,0,Low
0685-MLYYM,0.73563516,1,1,High
2778-OCLGR,0.28725207,1,1,Low
3982-XWFZQ,0.49723104,1,1,Medium
4759-PXTAN,0.21661825,0,1,Low
1448-PWKYE,0.8291979,1,1,High
8741-LQOBK,0.17487594,0,1,Low
8650-RHRKE,0.7900807,1,1,High
7266-GSSJX,0.14123993,0,0,Low
1265-HVPZB,0.07579611,0,0,Low
9640-ZSLDC,0.087313995,0,0,Low
0988-JRWWP,0.79917145,0,1,High
1926-QUZNN,0.018925529,0,0,Low
9025-ZRPVR,0.18112037,1,1,Low
6527-PZFPV,0.039262213,0,0,Low
7460-ITWWP,0.56433713,0,1,Medium
1530-ZTDOZ,0.18348283,0,1,Low
4785-FCIFB,0.02272493,0,0,Low
9717-QEBGU,0.84087485,0,1,High
0876-WDUUZ,0.70964766,1,1,High
7881-EVUAD,0.524126,1,1,Medium
4002-BQWPQ,0.109121695,0,0,Low
6377-WHAOX,0.7264332,0,1,High
5027-YOCXN,0.2057278,0,1,Low
8450-JOVAH,0.32164246,1,1,Low
6646-QVXLR,0.5230893,1,1,Medium
0254-KCJGT,0.103787005,0,0,Low
3442-ZHHCC,0.13703789,0,0,Low
9167-APMXZ,0.5909881,0,1,Medium
0616-ATFGB,0.7610885,1,1,High
7273-TEFQD,0.81967163,1,1,High
8245-UMPYT,0.8383068,1,1,High
6022-UGGSO,0.63934445,1,1,Medium
6292-TOSSS,0.041955337,0,0,Low
5207-PLSTK,0.5273182,0,1,Medium
3908-BLSYF,0.70533246,1,1,High
4317-VTEOA,0.7409667,1,1,High
0625-AFOHS,0.021016505,0,0,Low
4667-OHGKG,0.6082641,1,1,Medium
2386-OWURY,0.45916197,0,1,Medium
3780-DDGSE,0.17353487,0,1,Low
1047-RNXZV,0.03311734,0,0,Low
3926-YZVVX,0.07602095,0,0,Low
4742-TXUEX,0.03227637,0,0,Low
8709-KRDVL,0.73504525,0,1,High
0397-ZXWQF,0.026549384,0,0,Low
3910-MRQOY,0.020307032,0,0,Low
2511-MORQY,0.08591563,0,0,Low
4039-PIMHX,0.075051546,0,0,Low
8083-YTZES,0.8821775,1,1,High
1346-PJWTK,0.14169577,0,0,Low
3750-YHRYO,0.04558889,0,0,Low
1236-WFCDV,0.45596486,1,1,Medium
5949-HGVJL,0.20935398,0,1,Low
9112-WSNPU,0.51416945,0,1,Medium
1360-JYXKQ,0.34723336,0,1,Low
3585-ISXZP,0.74247545,1,1,High
8380-PEFPE,0.8796023,1,1,High
9402-ROUMJ,0.14824648,0,0,Low
4335-UPJSI,0.028917756,0,0,Low
6096-EGVTU,0.035137724,0,0,Low
8988-ECPJR,0.45720705,1,1,Medium
7677-SJJJK,0.04769324,0,0,Low
5850-BDWCY,0.25958288,0,1,Low
2025-JKFWI,0.6424965,1,1,Medium
8028-PNXHQ,0.025494246,0,0,Low
8397-MVTAZ,0.7974729,1,1,High
4445-ZJNMU,0.7589833,0,1,High
3125-RAHBV,0.052073635,0,0,Low
6682-QJDGB,0.122067675,1,0,Low
8840-DQLGN,0.31968215,1,1,Low
6258-NGCNG,0.2020871,0,1,Low
5917-RYRMG,0.047968384,0,0,Low
7157-SMCFK,0.033790696,0,0,Low
0816-TSPHQ,0.3066026,0,1,Low
6766-HFKLA,0.13812818,0,0,Low
7067-KSAZT,0.42812297,1,1,Medium
5155-AZQPB,0.16069531,0,1,Low
6890-PFRQX,0.18941817,0,1,Low
3508-VLHCZ,0.021373665,0,0,Low
3649-JPUGY,0.042281877,0,0,Low
9248-OJYKK,0.9293514,1,1,High
7239-HZZCX,0.6233276,1,1,Medium
9860-LISIZ,0.118739106,0,0,Low
6979-ZNSFF,0.8769699,1,1,High
8938-UMKPI,0.7154706,1,1,High
1820-DJFPH,0.016274964,0,0,Low
0732-OCQOC,0.03169706,0,0,Low
6776-TLWOI,0.3017706,1,1,Low
4940-KHCWD,0.0268052,0,0,Low
9057-SIHCH,0.91328704,1,1,High
9866-QEVEE,0.644713,1,1,Medium
5542-TBBWB,0.9160044,0,1,High
4587-VVTOX,0.8773406,1,1,High
6322-HRPFA,0.10949572,0,0,Low
6284-AHOOQ,0.4502491,1,1,Medium
4530-NDRKU,0.05196569,0,0,Low
1751-NCDLI,0.7837626,0,1,High
3893-JRNFS,0.27452317,0,1,Low
5857-XRECV,0.08017718,0,0,Low
3115-CZMZD,0.03814055,0,0,Low
4489-SNOJF,0.20493719,1,1,Low
1051-GEJLJ,0.36122257,0,1,Low
3563-SVYLG,0.027036382,0,0,Low
4301-VVZKA,0.8003844,0,1,High
9351-HXDMR,0.08610364,0,0,Low
5161-XEUVX,0.07191061,0,0,Low
3088-FVYWK,0.028798375,0,0,Low
9812-GHVRI,0.41500536,0,1,Medium
1370-GGAWX,0.34056476,0,1,Low
6023-YEBUP,0.9131723,1,1,High
9940-RHLFB,0.8443501,1,1,High
4541-RMRLG,0.17291561,1,1,Low
2606-RMDHZ,0.5174298,1,1,Medium
5575-TPIZQ,0.3059752,0,1,Low
9378-FXTIZ,0.19042596,1,1,Low
4631-OACRM,0.73485565,1,1,High
8593-WHYHV,0.9054734,1,1,High
1403-GYAFU,0.017913233,0,0,Low
7641-TQFHN,0.12620702,0,0,Low
4237-CLSMM,0.30722475,0,1,Low
4360-PNRQB,0.5548269,0,1,Medium
5334-AFQJB,0.024314618,0,0,Low
9308-ANMVE,0.1692317,0,1,Low
3530-VWVGU,0.123816475,0,0,Low
4674-HGNUA,0.0210012,0,0,Low
3030-YDNRM,0.8599612,0,1,High
3642-BYHDO,0.01539651,0,0,Low
0440-UEDAI,0.14918695,0,0,Low
9819-FBNSV,0.46652347,0,1,Medium
9289-LBQVU,0.18589318,0,1,Low
4468-YDOVK,0.39053866,0,1,Low
2001-EWBQU,0.17489237,0,1,Low
9992-UJOEL,0.65551394,0,1,Medium
8409-WQJUX,0.15183634,0,0,Low
3077-RSNTJ,0.22909777,0,1,Low
6993-YCOBK,0.40294248,0,1,Medium
4817-VYYWS,0.73504525,1,1,High
4702-HDRKD,0.052529674,0,0,Low
3251-YMVWZ,0.057783123,0,0,Low
4190-MFLUW,0.26188344,1,1,Low
4678-DVQEO,0.6450229,1,1,Medium
4701-AHWMW,0.19240625,1,1,Low
2987-BJXIK,0.03479534,0,0,Low
1730-VFMWO,0.14876902,0,0,Low
1936-UAFEH,0.11803312,0,0,Low
5140-FOMCQ,0.3417655,0,1,Low
8778-LMWTJ,0.62485653,0,1,Medium
9840-DVNDC,0.70864284,1,1,High
8033-VCZGH,0.52253,0,1,Medium
8580-QVLOC,0.019999525,1,0,Low
6128-AQBMT,0.48923966,0,1,Medium
6257-RJOHI,0.45892805,0,1,Medium
1929-ZCBHE,0.06504526,0,0,Low
6242-SGYTS,0.08282338,0,0,Low
7010-ZMVBF,0.12753381,0,0,Low
3519-ZKXGG,0.8904098,1,1,High
5666-MBJPT,0.029444652,0,0,Low
3313-QKNKB,0.2844781,1,1,Low
7581-EBBOU,0.08676446,0,0,Low
1784-BXEFA,0.2293288,0,1,Low
7492-TAFJD,0.046284385,0,0,Low
5213-TWWJU,0.35670528,0,1,Low
3312-ZWLGF,0.6220634,0,1,Medium
2923-ARZLG,0.08974793,0,0,Low
7032-LMBHI,0.05919691,0,0,Low
8292-ITGYJ,0.035299648,0,0,Low
9107-UKCKY,0.3252808,0,1,Low
6848-HJTXY,0.02649596,0,0,Low
4184-VODJZ,0.28307965,0,1,Low
4846-WHAFZ,0.75216323,1,1,High
8735-SDUFN,0.018436844,0,0,Low
0839-JTCUD,0.028186863,0,0,Low
6857-VWJDT,0.86746,1,1,High
7363-QTBIW,0.77567625,0,1,High
6158-HDPXZ,0.6687787,0,1,Medium
5419-CONWX,0.7809331,1,1,High
9286-DOJGF,0.53229785,1,1,Medium
2408-PSJVE,0.119173996,0,0,Low
2087-QAREY,0.2613833,0,1,Low
6777-TGHTM,0.441335,1,1,Medium
6507-ZJSUR,0.7381605,0,1,High
5025-GOOKI,0.17384034,0,1,Low
6080-LNESI,0.03498031,0,0,Low
2236-HILPA,0.019812992,0,0,Low
1386-ZIKUV,0.19563156,0,1,Low
3365-SAIGS,0.711004,0,1,High
6061-GWWAV,0.05115173,0,0,Low
9979-RGMZT,0.45043245,0,1,Medium
8445-DNBAE,0.77681386,0,1,High
6872-HXFNF,0.056066178,0,0,Low
1320-HTRDR,0.8889806,1,1,High
3923-CSIHK,0.62144685,1,1,Medium
2446-ZKVAF,0.22817864,0,1,Low
4640-UHDOS,0.35925725,1,1,Low
5457-COLHT,0.025031732,0,0,Low
2254-DLXRI,0.8778947,0,1,High
5339-PXDVH,0.5626035,0,1,Medium
2386-LAHRK,0.7609995,1,1,High
5062-CJJKH,0.1032275,0,0,Low
8930-XOTDP,0.2238231,0,1,Low
4779-ZGICK,0.027773293,0,0,Low
9534-NSXEM,0.045577377,0,0,Low
3716-BDVDB,0.91455543,1,1,High
9842-EFSYY,0.37440288,0,1,Low
9122-UMROB,0.6038789,0,1,Medium
1867-BDVFH,0.750104,1,1,High
5949-EBSQK,0.26919502,1,1,Low
4160-AMJTL,0.2415202,1,1,Low
8622-ZLFKO,0.87762505,0,1,High
2990-IAJSV,0.019662773,0,0,Low
6064-ZATLR,0.03362439,0,0,Low
7409-KIUTL,0.8891837,1,1,High
5505-OVWQW,0.04877627,0,0,Low
3948-KXDUF,0.027501633,0,0,Low
9814-AOUDH,0.03782849,0,0,Low
7398-LXGYX,0.25823498,0,1,Low
5266-PFRQK,0.038866464,0,0,Low
1568-BEKZM,0.03707151,0,0,Low
2692-PFYTJ,0.54416937,0,1,Medium
2533-QVMSK,0.13165565,1,0,Low
5828-AVIPD,0.44376472,1,1,Medium
2907-ILJBN,0.052181404,0,0,Low
5226-NOZFC,0.6844331,0,1,Medium
7114-AEOZE,0.029322835,0,0,Low
2202-CUYXZ,0.9029234,1,1,High
3466-RITXD,0.39662635,0,1,Low
7278-CKDNC,0.7548801,0,1,High
1956-YIFGE,0.3576372,0,1,Low
0422-UXFAP,0.45555857,0,1,Medium
3733-UOCWF,0.10648891,0,0,Low
7191-ADRGF,0.09362257,0,0,Low
5709-LVOEQ,0.05479688,0,0,Low
6034-YMTOB,0.6757682,0,1,Medium
6372-RFVNS,0.8614849,1,1,High
9052-DHNKM,0.07866937,0,0,Low
5609-IMCGG,0.44630426,0,1,Medium
2959-MJHIC,0.8500735,1,1,High
1319-YLZJG,0.4870575,0,1,Medium
7623-TRNQN,0.45701137,1,1,Medium
0377-JBKKT,0.10923824,0,0,Low
1936-CZAKF,0.092607394,0,0,Low
5063-IUOKK,0.034453824,0,0,Low
8646-JCOMS,0.09719273,0,0,Low
0979-MOZQI,0.0543497,0,0,Low
1525-LNLOJ,0.06948665,0,0,Low
5759-RCVCB,0.5636227,1,1,Medium
9968-FFVVH,0.04749024,0,0,Low
2266-FUBDZ,0.025872149,0,0,Low
4760-THGOT,0.38296124,0,1,Low
2307-FYNNL,0.4746496,0,1,Medium
1143-NMNQJ,0.90349716,1,1,High
1629-DQQVB,0.22030717,0,1,Low
3766-EJLFL,0.17395322,0,1,Low
8457-XIGKN,0.1498644,0,0,Low
4981-FLTMF,0.08444434,0,0,Low
7606-BPHHN,0.018496852,0,0,Low
7005-CCBKV,0.8238287,1,1,High
4648-YPBTM,0.060234126,0,0,Low
2325-ZUSFD,0.08474206,1,0,Low
1240-KNSEZ,0.66006273,1,1,Medium
0430-IHCDJ,0.6598869,0,1,Medium
7957-RYHQD,0.3472869,1,1,Low
6164-HAQTX,0.024609912,0,0,Low
0749-IRGQE,0.5294972,0,1,Medium
1227-UDMZR,0.017358307,0,0,Low
5473-KHBPS,0.13234583,0,0,Low
5297-MDOIR,0.055363685,0,0,Low
8873-TMKGR,0.038863435,0,0,Low
6481-ESCNL,0.49283177,0,1,Medium
0463-WZZKO,0.30395624,0,1,Low
1038-RQOST,0.08898962,0,0,Low
4937-QPZPO,0.44620392,0,1,Medium
3604-WLABM,0.3493561,0,1,Low
1360-XFJMR,0.2797018,0,1,Low
8717-VCTXJ,0.0486319,0,0,Low
5196-SGOAK,0.8834894,1,1,High
8739-XNIKG,0.9019654,0,1,High
2320-TZRRH,0.04717003,0,0,Low
5186-SAMNZ,0.87500125,1,1,High
5760-FXFVO,0.5695709,0,1,Medium
5380-WJKOV,0.7538224,1,1,High
4703-MQYKT,0.03241713,0,0,Low
2001-MCUUW,0.1924147,0,1,Low
4947-DSMXK,0.5339119,0,1,Medium
0076-LVEPS,0.0936939,0,0,Low
5566-SOEZD,0.07646393,0,0,Low
7408-OFWXJ,0.01777368,0,0,Low
1097-FSPVW,0.15605189,0,0,Low
4412-YLTKF,0.7207105,1,1,High
0420-TXVSG,0.04171881,0,0,Low
7817-BOQPW,0.8855041,1,1,High
0963-ZBDRN,0.563158,1,1,Medium
9685-WKZGT,0.80730534,1,1,High
2139-FQHLM,0.27198735,0,1,Low
5825-XJOCM,0.059948176,0,0,Low
0004-TLHLJ,0.8134236,1,1,High
7529-ZDFXI,0.6357101,0,1,Medium
6848-YLDFR,0.13957728,0,0,Low
5820-PTRYM,0.06470064,0,0,Low
2984-RGEYA,0.02400163,0,0,Low
6434-TTGJP,0.036687754,0,0,Low
9643-AVVWI,0.6520811,0,1,Medium
3506-OVLKD,0.057605628,0,0,Low
4946-EDSEW,0.19591568,1,1,Low
2924-KHUVI,0.32915512,0,1,Low
2263-SFSQZ,0.02831414,0,0,Low
5281-BUZGT,0.532722,1,1,Medium
3717-FDJFU,0.029784827,0,0,Low
2239-CFOUJ,0.07527104,0,0,Low
8699-ASUFO,0.7974648,1,1,High
1122-YJBCS,0.06350949,0,0,Low
0628-CNQRM,0.061023097,1,0,Low
1705-GUHPV,0.024174174,0,0,Low
4877-TSOFF,0.0738841,0,0,Low
7404-JLKQG,0.6390636,0,1,Medium
0379-DJQHR,0.035692293,0,0,Low
8993-PHFWD,0.6765688,1,1,Medium
3930-ZGWVE,0.6233276,0,1,Medium
1965-DDBWU,0.5284645,1,1,Medium
7572-KPVKK,0.27311352,0,1,Low
6854-EXGSF,0.3058388,0,1,Low
9483-GCPWE,0.045306902,0,0,Low
8053-WWDRO,0.28327477,1,1,Low
9473-CBZOP,0.043300327,0,0,Low
3985-HOYPM,0.04246266,0,0,Low
8378-LKJAF,0.58302397,0,1,Medium
1310-QRITU,0.63102114,0,1,Medium
3237-AJGEH,0.45340273,1,1,Medium
6542-LWGXJ,0.5794229,0,1,Medium
6953-PBDIN,0.03584341,0,0,Low
6332-FBZRI,0.06271195,0,0,Low
9365-CSLBQ,0.016684141,0,0,Low
3466-WAESX,0.268142,0,1,Low
9700-ISPUP,0.24852343,0,1,Low
5167-ZFFMM,0.8624489,1,1,High
7669-LCRSD,0.33361948,0,1,Low
0870-VEMYL,0.3034958,1,1,Low
2995-UPRYS,0.22850265,1,1,Low
3179-GBRWV,0.22496445,0,1,Low
0701-TJSEF,0.20647287,0,1,Low
1848-LBZHY,0.33072037,0,1,Low
5380-XPJNZ,0.041955806,0,0,Low
6608-QQLVK,0.8281897,1,1,High
1475-VWVDO,0.79022646,0,1,High
3721-CNEYS,0.84224856,1,1,High
4299-OPXEJ,0.039573133,0,0,Low
0096-BXERS,0.59933823,0,1,Medium
3055-VTCGS,0.089713864,0,0,Low
9405-GPBBG,0.12159315,0,0,Low
6704-UTUKK,0.5486757,0,1,Medium
9944-AEXBM,0.6011844,0,1,Medium
2545-EBUPK,0.9023986,0,1,High
6270-OMFIW,0.34849456,1,1,Low
1852-XEMDW,0.1365492,0,0,Low
8158-WPEZG,0.35423246,0,1,Low
5198-EFNBM,0.24303006,0,1,Low
7663-RGWBC,0.7400937,1,1,High
3970-XGJDU,0.03664721,0,0,Low
6845-RGTYS,0.4251209,1,1,Medium
0123-CRBRT,0.02424646,0,0,Low
6077-BDPXA,0.84052527,0,1,High
2250-IVBWA,0.16831861,0,1,Low
6137-NICCO,0.8346343,0,1,High
8129-GMVGI,0.024875874,0,0,Low
4353-HYOJD,0.16725698,0,1,Low
8671-KKKOS,0.2166831,0,1,Low
8080-DDEMJ,0.77854526,1,1,High
6698-OXETB,0.030956477,0,0,Low
3312-UUMZW,0.58214974,0,1,Medium
6376-GAHQE,0.74982625,1,1,High
0733-VUNUW,0.21078697,1,1,Low
6733-LRIZX,0.51692885,0,1,Medium
2165-VOEGB,0.19933227,1,1,Low
1853-UDXBW,0.8808458,1,1,High
9070-BCKQP,0.055727813,0,0,Low
1035-IPQPU,0.7340731,0,1,High
2057-ZBLPD,0.79193,1,1,High
6967-PEJLL,0.06914879,0,0,Low
7879-CGSFV,0.1884618,0,1,Low
2257-BOVXD,0.29177245,0,1,Low
9822-BIIGN,0.17248186,0,1,Low
1136-XGEQU,0.14103745,0,0,Low
2439-LYPMQ,0.7573518,0,1,High
6543-XRMYR,0.7381416,1,1,High
5753-QQWPW,0.06883447,0,0,Low
4785-QRJHC,0.22781937,1,1,Low
0052-YNYOT,0.04845016,0,0,Low
7054-LGEQW,0.67052597,1,1,Medium
0608-JDVEC,0.03409558,0,0,Low
6284-KMNUF,0.26682553,0,1,Low
6286-SUUWT,0.6233276,0,1,Medium
3594-KADLU,0.33679995,0,1,Low
0536-ACXIP,0.054261852,0,0,Low
8869-TORSS,0.053567987,1,0,Low
0373-AIVNJ,0.073883824,0,0,Low
6429-SHBCB,0.30013368,0,1,Low
5751-USDBL,0.025026556,0,0,Low
6815-ABQFQ,0.5033224,0,1,Medium
9450-TRJUU,0.5945194,0,1,Medium
2805-AUFQN,0.031745195,0,0,Low
7855-DIWPO,0.7118665,0,1,High
0174-QRVVY,0.016616996,0,0,Low
9507-EXLTT,0.85934234,1,1,High
8390-FESFV,0.03614885,0,0,Low
0661-KBKPA,0.1900381,0,1,Low
6856-RAURS,0.82577115,0,1,High
7322-OCWHC,0.023285948,0,0,Low
2203-GHNWN,0.4985186,0,1,Medium
3413-CSSTH,0.25826254,0,1,Low
3006-XIMLN,0.8660087,1,1,High
3750-CKVKH,0.8376611,1,1,High
0576-WNXXC,0.7168103,1,1,High
7056-IMHCC,0.7388092,1,1,High
0866-QLSIR,0.054508302,1,0,Low
1628-BIZYP,0.8889034,0,1,High
2230-XTUWL,0.024760243,0,0,Low
1980-KXVPM,0.81562644,1,1,High
8619-IJNDK,0.02188221,0,0,Low
2960-NKRSO,0.44835043,0,1,Medium
6705-LXORM,0.71131563,0,1,High
7130-VTEWQ,0.8644966,1,1,High
9364-YKUVW,0.1554575,0,0,Low
2761-OCIAX,0.80552983,1,1,High
7996-BPXHY,0.04712452,0,0,Low
4248-QPAVC,0.45953766,1,1,Medium
9357-UJRUN,0.10940188,0,0,Low
6340-DACFT,0.022677727,0,0,Low
1023-BQXZE,0.04954642,0,0,Low
5480-HPRRX,0.68847066,1,1,Medium
9576-SYUHJ,0.52436805,0,1,Medium
2169-RRLFW,0.019092442,0,0,Low
8338-QIUNR,0.027544439,0,0,Low
0463-TXOAK,0.031320054,0,0,Low
4396-KLSEH,0.25684065,0,1,Low
5186-EJEGL,0.22069031,0,1,Low
9334-GWGOW,0.8759005,0,1,High
5696-JVVQY,0.040812045,0,0,Low
9633-DENPU,0.22937502,0,1,Low
0581-BXBUB,0.6234583,0,1,Medium
2750-BJLSB,0.45137832,0,1,Medium
2770-NSVDG,0.42112797,0,1,Medium
8280-MQRQN,0.7352885,1,1,High
7851-FLGGQ,0.53878415,1,1,Medium
9374-YOLBJ,0.31106642,0,1,Low
6583-SZVGP,0.36118025,0,1,Low
2150-OEGBV,0.051258147,0,0,Low
9372-TXXPS,0.02434376,0,0,Low
6933-FHBZC,0.13132021,0,0,Low
4698-KVLLG,0.035794407,0,0,Low
8752-STIVR,0.85581404,1,1,High
8623-ULFNQ,0.32524595,0,1,Low
9822-WMWVG,0.38219053,0,1,Low
4304-TSPVK,0.08538583,0,0,Low
1716-LSAMB,0.031036537,0,0,Low
3523-QRQLL,0.22192647,1,1,Low
2187-PKZAY,0.66049236,0,1,Medium
1895-QTKDO,0.64803916,0,1,Medium
8161-QYMTT,0.90660596,0,1,High
2955-PSXOE,0.4711235,1,1,Medium
6834-NXDCA,0.66654205,1,1,Medium
8701-DGLVH,0.025732433,0,0,Low
2480-SQIOB,0.5567879,0,1,Medium
4993-JCRGJ,0.37124345,0,1,Low
0581-MDMPW,0.5517869,0,1,Medium
7789-CRUVC,0.15819944,0,1,Low
0164-APGRB,0.059904594,0,0,Low
8034-RYTVV,0.071177974,0,0,Low
3018-TFTSU,0.32059368,1,1,Low
9777-IQHWP,0.06943331,0,0,Low
6899-PPEEA,0.79539543,1,1,High
6701-YVNQG,0.022220816,0,0,Low
7649-PHJVR,0.058162753,0,0,Low
9278-VZKCD,0.450606,0,1,Medium
7636-PEPNS,0.09450292,0,0,Low
1575-KRZZE,0.30639425,0,1,Low
8590-OHDIW,0.038024407,0,0,Low
7764-BDPEE,0.20552249,0,1,Low
9480-BQJEI,0.13234574,0,0,Low
3354-OADJP,0.07385567,0,0,Low
3181-MIZBN,0.14169954,0,0,Low
9327-QSDED,0.3663749,0,1,Low
4892-VLANZ,0.6233276,1,1,Medium
0298-XACET,0.03902105,0,0,Low
6917-FIJHC,0.018303778,0,0,Low
6557-BZXLQ,0.54691374,0,1,Medium
2432-TFSMK,0.2101188,0,1,Low
4211-MMAZN,0.6038789,1,1,Medium
4751-ERMAN,0.061146114,0,0,Low
8430-TWCBX,0.047518447,0,0,Low
1942-OQFRW,0.76094055,0,1,High
4075-JFPGR,0.13415618,0,0,Low
3339-EAQNV,0.22246893,0,1,Low
5329-KRDTM,0.035050333,0,0,Low
0307-BCOPK,0.048010048,0,0,Low
6473-ULUHT,0.16441283,0,1,Low
1194-SPVSP,0.44958565,0,1,Medium
7249-WBIYX,0.86453116,1,1,High
2293-IJWPS,0.30322528,0,1,Low
4377-VDHYI,0.1409549,0,0,Low
0019-EFAEP,0.036458507,0,0,Low
2480-EJWYP,0.29510152,0,1,Low
8970-ANWXO,0.23081045,0,1,Low
8739-WWKDU,0.77776617,1,1,High
2171-UDMFD,0.09148135,0,0,Low
7036-TYDEC,0.22547771,0,1,Low
3831-YCPUO,0.027341384,0,0,Low
0121-SNYRK,0.045104314,0,0,Low
3325-FUYCG,0.20919783,1,1,Low
1952-DVVSW,0.05577459,0,0,Low
3571-DPYUH,0.11117505,0,0,Low
2077-MPJQO,0.8759005,0,1,High
2391-SOORI,0.35198253,1,1,Low
4086-ATNFV,0.053843185,0,0,Low
3396-DKDEL,0.060487907,0,0,Low
7471-MQPOS,0.1471105,0,0,Low
7181-OQCUT,0.51715696,0,1,Medium
3489-VSFRD,0.049521983,0,0,Low
6283-GITPX,0.02293996,0,0,Low
2845-HSJCY,0.7609073,1,1,High
7216-KAOID,0.044638623,0,0,Low
6680-WKXRZ,0.7008616,1,1,High
2346-LOCWC,0.021508925,0,0,Low
0769-MURVM,0.019862326,0,0,Low
3374-LXDEV,0.40204754,1,1,Medium
5318-YKDPV,0.029403346,0,0,Low
8190-ZTQFB,0.33914873,0,1,Low
4512-ZUIYL,0.65714014,1,1,Medium
3090-QFUVD,0.42476246,0,1,Medium
4806-KEXQR,0.8495054,1,1,High
2369-FEVNO,0.66006273,0,1,Medium
9637-CDTKZ,0.036349874,0,0,Low
2954-PIBKO,0.033707336,0,0,Low
2212-LYASK,0.18654023,0,1,Low
9481-SFCQY,0.27408037,0,1,Low
2828-SLQPF,0.3151643,0,1,Low
4647-MUZON,0.5802817,0,1,Medium
8212-DJRCH,0.57059824,0,1,Medium
0516-OOHAR,0.21023402,0,1,Low
4973-RLZVI,0.07679485,0,0,Low
8089-UZWLX,0.13747911,0,0,Low
9732-KPKBW,0.531077,1,1,Medium
9715-WZCLW,0.09886548,0,0,Low
0257-KXZGU,0.18572062,0,1,Low
0707-HOVVN,0.04858665,0,0,Low
5501-TVMGM,0.8431127,0,1,High
3422-LYEPQ,0.86886513,1,1,High
2277-VWCNI,0.54971975,0,1,Medium
5461-QKNTN,0.5322274,0,1,Medium
3967-KXAPS,0.021327473,0,0,Low
6919-ELBGL,0.03406089,0,0,Low
8361-LTMKD,0.8228063,1,1,High
1131-ALZWV,0.05939441,0,0,Low
5178-LMXOP,0.92647636,1,1,High
8992-CEUEN,0.3098014,0,1,Low
3320-VEOYC,0.83768183,0,1,High
3672-YITQD,0.76558363,1,1,High
6080-TCMYC,0.67994475,0,1,Medium
6734-FQAJX,0.13712534,0,0,Low
1063-DHQJF,0.04537351,0,0,Low
3976-NLDEZ,0.60001147,0,1,Medium
1729-VLAZJ,0.052282043,0,0,Low
3400-ESFUW,0.025237352,1,0,Low
5271-YNWVR,0.0865994,1,0,Low
1587-FKLZB,0.49080485,1,1,Medium
0958-YHXGP,0.7210057,0,1,High
1494-EJZDW,0.027235452,0,0,Low
1816-FLZDK,0.53028977,0,1,Medium
2075-PUEPR,0.03664012,0,0,Low
1833-TCXKK,0.59403265,0,1,Medium
1436-ZMJAN,0.3651496,0,1,Low
0106-UGRDO,0.090689346,0,0,Low
1069-XAIEM,0.9310218,1,1,High
4213-HKBJO,0.04808856,0,0,Low
8345-MVDYC,0.02900302,0,0,Low
2672-OJQZP,0.66365546,0,1,Medium
5136-RGMZO,0.24929793,0,1,Low
5774-QPLTF,0.032660365,0,0,Low
5240-CAOYT,0.14109847,0,0,Low
3707-GNWHM,0.8925647,1,1,High
5159-YFPKQ,0.8332207,1,1,High
5052-PNLOS,0.84972376,1,1,High
6173-GOLSU,0.5245287,0,1,Medium
6661-HBGWL,0.6217668,1,1,Medium
8207-VVMYB,0.026597619,0,0,Low
5324-KTGCG,0.045904476,0,0,Low
7354-OIJLX,0.8407,0,1,High
9286-BHDQG,0.022859752,0,0,Low
3567-PQTSO,0.3499106,0,1,Low
3197-ARFOY,0.5632619,0,1,Medium
5698-BQJOH,0.756724,1,1,High
1090-ESELR,0.03486255,0,0,Low
0056-EPFBG,0.03341507,0,0,Low
4955-VCWBI,0.04001342,0,0,Low
4717-GHADL,0.063035145,0,0,Low
0058-EVZWM,0.27729785,0,1,Low
7218-HKQFK,0.7624581,1,1,High
5057-RKGLH,0.027638901,0,0,Low
2309-OSFEU,0.5189495,1,1,Medium
3429-IFLEM,0.024982998,0,0,Low
1550-LOAHA,0.35872507,1,1,Low
1400-MMYXY,0.87093896,1,1,High
7503-QQRVF,0.45057613,1,1,Medium
7504-UWHNB,0.4881021,0,1,Medium
9565-JSNFM,0.17287017,1,1,Low
4735-BJKOU,0.026522975,0,0,Low
3580-GICBM,0.022254549,0,0,Low
7632-YUTXB,0.041277792,0,0,Low
9412-ARGBX,0.045518402,1,0,Low
9576-ANLXO,0.74863714,1,1,High
1110-KYLGQ,0.28003654,0,1,Low
8696-JKZNU,0.7580592,1,1,High
8757-TFHHJ,0.56026083,0,1,Medium
2955-BJZHG,0.5265372,1,1,Medium
9048-JVYVF,0.5532857,1,1,Medium
0682-USIXD,0.5876769,0,1,Medium
3884-UEBXB,0.030960517,0,0,Low
1776-SPBWV,0.04706406,0,0,Low
9050-QLROH,0.56242764,1,1,Medium
2925-VDZHY,0.019094264,0,0,Low
9512-UIBFX,0.4403166,1,1,Medium
8676-TRMJS,0.69991565,1,1,Medium
3334-CTHOL,0.72057545,1,1,High
6331-LWDTQ,0.4494572,1,1,Medium
3847-BAERP,0.22887526,0,1,Low
4709-LKHYG,0.04550416,0,0,Low
8621-MNIHH,0.67435336,1,1,Medium
8884-ADFVN,0.9072455,1,1,High
2885-HIJDH,0.037362028,0,0,Low
8570-KLJYJ,0.04418681,0,0,Low
9339-FIIJL,0.027610896,0,0,Low
6223-DHJGV,0.04592316,0,0,Low
0959-WHOKV,0.21732555,0,1,Low
9610-WCESF,0.06595943,0,0,Low
9279-CJEOJ,0.68835294,0,1,Medium
2985-FMWYF,0.8046493,0,1,High
3540-RZJYU,0.49751556,1,1,Medium
2522-WLNSF,0.07763871,0,0,Low
6861-XWTWQ,0.9084054,1,1,High
8735-NBLWT,0.13056724,0,0,Low
1744-JHKYS,0.14610848,0,0,Low
0841-NULXI,0.84817743,1,1,High
4016-BJKTZ,0.19844738,0,1,Low
9298-WGMRW,0.03588128,0,0,Low
7893-IXHRQ,0.3682843,1,1,Low
8785-CJSHH,0.71127546,0,1,High
7654-YWJUF,0.05655493,0,0,Low
8909-BOLNL,0.07294781,0,0,Low
9919-FZDED,0.036643982,0,0,Low
0322-CHQRU,0.68855083,1,1,Medium
3587-PMCOY,0.3500736,0,1,Low
0655-RBDUG,0.8675616,1,1,High
0983-TATYJ,0.10858122,0,0,Low
5650-YLIBA,0.722817,0,1,High
5144-TVGLP,0.6264851,0,1,Medium
3569-EDBPQ,0.45112538,0,1,Medium
4945-RVMTE,0.24574961,0,1,Low
3511-BFTJW,0.031556323,0,0,Low
5537-UXXVS,0.16890992,0,1,Low
8782-NUUOL,0.08647386,0,0,Low
2865-TCHJW,0.897857,1,1,High
9931-KGHOA,0.14150925,0,0,Low
3071-MVJCD,0.020428453,0,0,Low
7279-BUYWN,0.45745847,1,1,Medium
3756-VNWDH,0.304951,0,1,Low
1395-OFUWC,0.18196963,0,1,Low
4223-BKEOR,0.07657128,0,0,Low
0040-HALCW,0.025522383,0,0,Low
7124-UGSUR,0.31113693,1,1,Low
7395-XWZOY,0.18265125,0,1,Low
5440-VHLUL,0.41323945,0,1,Medium
4706-DGAHW,0.77854526,0,1,High
8166-ORCHU,0.13735962,0,0,Low
3978-YNKDD,0.025845507,0,0,Low
7198-GLXTC,0.77904594,1,1,High
6366-XIVKZ,0.23284376,0,1,Low
5133-POWUA,0.7460004,0,1,High
8400-WZICQ,0.13510866,0,0,Low
5382-SOYZL,0.8234224,0,1,High
1989-PRJHP,0.74362147,1,1,High
4154-AQUGT,0.42097846,1,1,Medium
0980-FEXWF,0.08442524,0,0,Low
5845-BZZIB,0.019768003,0,0,Low
4840-ORQXB,0.52744216,0,1,Medium
0295-PPHDO,0.93063045,1,1,High
8775-ERLNB,0.8657705,0,1,High
0376-YMCJC,0.66518134,1,1,Medium
7410-YTJIK,0.6542587,1,1,Medium
9927-DSWDF,0.54054075,0,1,Medium
6681-ZSEXG,0.05326758,0,0,Low
5702-KVQRD,0.04486353,0,0,Low
8711-LOBKY,0.02134862,0,0,Low
9692-TUSXH,0.7425074,1,1,High
4012-YCFAI,0.023864496,0,0,Low
8455-HIRAQ,0.3674843,0,1,Low
7853-WNZSY,0.49698296,0,1,Medium
0390-DCFDQ,0.85807014,1,1,High
6421-SZVEM,0.15165548,0,0,Low
3094-JOJAI,0.3642468,0,1,Low
4873-ILOLJ,0.7457425,1,1,High
8181-YHCMF,0.028598228,0,0,Low
3324-OIRTO,0.10790861,0,0,Low
9135-HSWOC,0.02575907,0,0,Low
2272-WUSPA,0.049278997,0,0,Low
4627-MIHJH,0.23897673,0,1,Low
3896-RCYYE,0.19208695,0,1,Low
6729-GDNGC,0.35752642,0,1,Low
9945-PSVIP,0.032521103,0,0,Low
4137-JOPHL,0.06006067,0,0,Low
2720-FVBQP,0.50634044,0,1,Medium
7854-EKTJL,0.30659407,1,1,Low
1133-KXCGE,0.045754135,0,0,Low
6048-QBXKL,0.67868614,0,1,Medium
6338-AVWCY,0.69879967,1,1,Medium
0013-MHZWF,0.29995626,0,1,Low
9804-ICWBG,0.9160044,1,1,High
2368-GAKKQ,0.11228526,0,0,Low
4829-AUOAX,0.4632094,1,1,Medium
7876-BEUTG,0.3784261,0,1,Low
6349-JDHQP,0.034530357,0,0,Low
3063-QFSZL,0.8390909,1,1,High
9142-XMYJH,0.13128607,0,0,Low
2609-IAICY,0.9275114,1,1,High
8626-PTQGE,0.03436881,0,0,Low
0230-UBYPQ,0.048279367,0,0,Low
6814-ZPWFQ,0.0569159,0,0,Low
5921-NGYRH,0.1789518,0,1,Low
7803-XOCCZ,0.12397213,0,0,Low
1459-QNFQT,0.032067098,0,0,Low
3948-FVVRP,0.20089231,0,1,Low
0923-PNFUB,0.6737167,1,1,Medium
4654-ULTTN,0.047929283,0,0,Low
5628-FCGYG,0.80532855,0,1,High
0506-LVNGN,0.6959469,1,1,Medium
4329-YPDDQ,0.45954943,0,1,Medium
9866-OCCKE,0.0631086,0,0,Low
0794-YVSGE,0.015342058,0,0,Low
4342-HENTK,0.84224856,1,1,High
5934-TSSAU,0.3920556,0,1,Low
9986-BONCE,0.32937625,1,1,Low
5301-GAUUY,0.49168304,1,1,Medium
0725-CXOTM,0.101454824,0,0,Low
2843-CQMEG,0.26949877,0,1,Low
5600-PDUJF,0.36842728,0,1,Low
4500-HKANN,0.047174316,0,0,Low
1862-QRWPE,0.024236452,0,0,Low
2155-AMQRX,0.2162771,0,1,Low
0823-HSCDJ,0.4928026,1,1,Medium
4090-KPJIP,0.8889806,0,1,High
2737-YNGYW,0.75647575,1,1,High
5619-XZZKR,0.07040643,0,0,Low
6047-YHPVI,0.83555067,1,1,High
8375-DKEBR,0.9154222,1,1,High
7729-XBTWX,0.021647237,0,0,Low
4983-CLMLV,0.46493816,0,1,Medium
9227-LUNBG,0.73892,1,1,High
2758-RNWXS,0.17205884,0,1,Low
7055-HNEOJ,0.44856635,0,1,Medium
7134-MJPDY,0.3127437,0,1,Low
4560-WQAQW,0.071001686,0,0,Low
8532-UEFWH,0.022708569,0,0,Low
8541-QVFKM,0.85294104,0,1,High
7129-ACFOG,0.57971627,0,1,Medium
2495-INZWQ,0.81473905,1,1,High
0263-FJTQO,0.03515184,0,0,Low
0181-RITDD,0.10559177,0,0,Low
8241-JUIQO,0.04781779,0,0,Low
0913-XWSCN,0.32200316,0,1,Low
2159-TURXX,0.23329438,0,1,Low
6461-PPAXN,0.05083251,0,0,Low
1452-KIOVK,0.48287728,0,1,Medium
1139-WUOAH,0.045298133,0,0,Low
3207-OYBWH,0.42815155,1,1,Medium
8347-GDTMP,0.02649596,0,0,Low
9909-DFRJA,0.15136077,0,0,Low
6383-ZTSIW,0.13855448,0,0,Low
5438-QMDDL,0.30270338,0,1,Low
8914-RBTSB,0.524547,1,1,Medium
6164-HXUGH,0.22909777,0,1,Low
6900-RBKER,0.13254339,0,0,Low
1492-QGCLU,0.18734927,0,1,Low
6664-FPDAC,0.4388234,1,1,Medium
1088-AUUZZ,0.035971522,0,0,Low
6651-AZVTJ,0.7466111,1,1,High
8219-VYBVI,0.029893607,0,0,Low
0310-MVLET,0.593307,1,1,Medium
7233-IOQNP,0.15972295,0,1,Low
7311-MQJCH,0.09394694,0,0,Low
9256-JTBNZ,0.26976207,0,1,Low
8713-IGZSO,0.28820124,0,1,Low
6821-BUXUX,0.7477513,1,1,High
9114-DPSIA,0.020686071,0,0,Low
4501-UYKBC,0.13894822,0,0,Low
2798-NYLMZ,0.20638141,0,1,Low
6711-VTNRE,0.45877814,1,1,Medium
5966-EMAZU,0.3922231,0,1,Low
3627-FHKBK,0.66481763,1,1,Medium
7861-UVUFT,0.71576715,1,1,High
9824-QCJPK,0.04007126,0,0,Low
7816-VGHTO,0.06430746,0,0,Low
3794-NFNCH,0.20142813,0,1,Low
3877-JRJIP,0.8326202,1,1,High
5228-EXCET,0.73485565,1,1,High
6248-BSHKG,0.032158382,0,0,Low
8915-NNTRC,0.03178672,0,0,Low
3470-OBUET,0.030989058,0,0,Low
3229-USWAR,0.100911885,0,0,Low
1927-QEWMY,0.015577811,0,0,Low
6374-AFWOX,0.023119915,0,0,Low
7912-SYRQT,0.7980661,1,1,High
2070-FNEXE,0.41921028,1,1,Medium
5803-NQJZO,0.019182539,0,0,Low
5651-YLPRD,0.56501025,0,1,Medium
1271-UODNO,0.067730166,0,0,Low
5014-WUQMG,0.1431267,0,0,Low
5889-JTMUL,0.682481,1,1,Medium
0788-DXBFY,0.047472093,0,0,Low
2669-QVCRG,0.35542503,0,1,Low
6630-UJZMY,0.8975953,0,1,High
5061-PBXFW,0.13354853,0,0,Low
2700-LUEVA,0.39606932,0,1,Low
3865-ZFZIB,0.03235967,0,0,Low
0471-ARVMX,0.49986342,0,1,Medium
8985-OOPOS,0.19504993,0,1,Low
0719-SYFRB,0.23729414,1,1,Low
0447-BEMNG,0.20809057,1,1,Low
5630-AHZIL,0.32149133,0,1,Low
2190-BCXEC,0.4066923,0,1,Medium
1559-DTODC,0.3850278,0,1,Low
3244-DCJWY,0.9061767,1,1,High
3967-VQOGC,0.021158606,0,0,Low
0265-PSUAE,0.53808224,0,1,Medium
1622-HSHSF,0.6528798,0,1,Medium
9867-XOBQA,0.038045485,0,0,Low
6773-LQTVT,0.28743765,0,1,Low
4332-MUOEZ,0.12145348,0,0,Low
0023-XUOPT,0.57056963,1,1,Medium
6543-CPZMK,0.4466997,1,1,Medium
6418-HNFED,0.029634118,0,0,Low
1036-GUDCL,0.09761835,0,0,Low
4818-QIUFN,0.6252073,1,1,Medium
0778-NELLA,0.4725526,1,1,Medium
7495-OOKFY,0.7431007,1,1,High
4737-HOBAX,0.05230973,0,0,Low
7919-ZODZZ,0.25191036,0,1,Low
2988-PLAHS,0.39557025,0,1,Low
9067-SQTNS,0.040617026,0,0,Low
6483-OATDN,0.2305995,0,1,Low
5469-CTCWN,0.21574098,1,1,Low
3524-WQDSG,0.60386556,0,1,Medium
6968-URWQU,0.18118405,0,1,Low
8601-QACRS,0.64052784,1,1,Medium
8690-UPCZI,0.05088312,0,0,Low
5331-RGMTT,0.5560041,0,1,Medium
1357-BIJKI,0.45603654,0,1,Medium
2088-IEBAU,0.04025267,0,0,Low
0679-IDSTG,0.8908547,1,1,High
6519-ZHPXP,0.03225834,0,0,Low
2101-RANCD,0.71054757,0,1,High
4029-HPFVY,0.75882566,0,1,High
1015-OWJKI,0.4539571,0,1,Medium
8314-HTWVE,0.028728932,0,0,Low
5357-TZHPP,0.72118217,1,1,High
8727-XDPUD,0.07036838,0,0,Low
9073-ZZIAY,0.028779509,0,0,Low
5181-OABFK,0.0344859,0,0,Low
3812-LRZIR,0.034274165,0,0,Low
5204-HMGYF,0.06979254,0,0,Low
9950-MTGYX,0.021252058,0,0,Low
3675-EQOZA,0.27202773,0,1,Low
3646-ITDGM,0.044432193,0,0,Low
3913-FCUUW,0.021967284,0,0,Low
